{
  "sections": {
    "main": {
      "type": "main-page",
      "disabled": true,
      "settings": {
        "show_page_title": false,
        "heading_align": "text-center"
      }
    },
    "image-banner": {
      "type": "image-banner",
      "settings": {
        "height_mode": "fixed",
        "fixed_height_desktop": 560,
        "fixed_height_mobile": 400,
        "overlay_position": "justify-start items-center",
        "overlay_text_align": "text-start",
        "mob_center_text": true,
        "mobile_stacked": false,
        "color_scheme": "white",
        "full_width": true,
        "prevent_animation": false
      },
      "blocks": {
        "banner-heading-0": {
          "type": "heading",
          "settings": {
            "heading": "Hilfe & Häufige Fragen",
            "heading_size": "h0",
            "heading_h1": true
          }
        },
        "banner-text-1": {
          "type": "text",
          "settings": {
            "text": "<p>Hier finden Sie Antworten auf die häufigsten Fragen zu unserem Buchshop.<\/p>",
            "enlarge_text": true
          }
        }
      },
      "block_order": [
        "banner-heading-0",
        "banner-text-1"
      ]
    },
    "faqs": {
      "type": "faq",
      "settings": {
        "heading": "Häufige Fragen",
        "heading_align": "text-center",
        "color_scheme": "none",
        "full_width": true
      },
      "blocks": {
        "faq-category-1": {
          "type": "category",
          "settings": {
            "text": "Bestellung"
          }
        },
        "faq-question-1": {
          "type": "question",
          "settings": {
            "icon": "question_mark",
            "heading": "Kann ich meine Bestellung stornieren?",
            "text": "<p>Das verstehen wir vollkommen! Sobald eine Bestellung aufgegeben wurde, können wir sie leider nicht mehr ändern oder stornieren.<\/p><p>Falls die Bücher nicht passen, können Sie diese einfach zurücksenden oder umtauschen. Der Rückversand innerhalb Deutschlands ist kostenlos.<\/p>"
          }
        },
        "faq-question-2": {
          "type": "question",
          "settings": {
            "icon": "chat_bubble",
            "heading": "Wie kann ich den Kundenservice kontaktieren?",
            "text": "<p>Wir helfen Ihnen gerne weiter! Kontaktieren Sie uns bei Fragen, Anliegen oder Feedback. Wir antworten innerhalb von 48 Stunden. Anfragen am Freitag werden am folgenden Montag beantwortet.<\/p>"
          }
        },
        "faq-category-2": {
          "type": "category",
          "settings": {
            "text": "Versand"
          }
        },
        "faq-question-3": {
          "type": "question",
          "settings": {
            "icon": "map_pin",
            "heading": "In welche Länder versenden Sie?",
            "text": "<p>Wir versenden nach Deutschland, Österreich, Schweiz und in die EU. Für Anfragen zu anderen Versandzielen kontaktieren Sie uns bitte.<\/p>"
          }
        },
        "faq-question-4": {
          "type": "question",
          "settings": {
            "icon": "calendar",
            "heading": "Wie lange dauert die Lieferung?",
            "text": "<p>Standardversand dauert normalerweise 2-4 Tage. Express-Versand am nächsten Tag ist gegen Aufpreis verfügbar. Bei EU-Versand rechnen Sie mit 3-7 Tagen (Schätzung an der Kasse).<\/p>"
          }
        },
        "faq-category-3": {
          "type": "category",
          "settings": {
            "text": "Rückgabe & Rückerstattung"
          }
        },
        "faq-question-5": {
          "type": "question",
          "settings": {
            "icon": "return",
            "heading": "Wie kann ich Bücher zurückgeben?",
            "text": "<p>Bücher können innerhalb von 36 Monaten nach Erhalt zurückgegeben werden. Sie müssen im gleichen Zustand zurückgesendet werden, ungelesen\/unbenutzt, mit allen ursprünglichen Verpackungen.<\/p>"
          }
        },
        "faq-question-6": {
          "type": "question",
          "settings": {
            "icon": "clock",
            "heading": "Wie lange dauert die Rückerstattung?",
            "text": "<p>Rückerstattungen werden innerhalb von 7 Tagen nach Erhalt der Bücher bearbeitet.<\/p>"
          }
        }
      },
      "block_order": [
        "faq-category-1",
        "faq-question-1",
        "faq-question-2",
        "faq-category-2",
        "faq-question-3",
        "faq-question-4",
        "faq-category-3",
        "faq-question-5",
        "faq-question-6"
      ]
    },
    "contact-form": {
      "type": "contact-form",
      "blocks": {
        "contact-text-1": {
          "type": "text",
          "settings": {
            "text": "<p>If the answers you're looking for aren't in our FAQ, please send us an email by completing the form below.<\/p>",
            "half_width": false
          }
        },
        "contact-name-2": {
          "type": "name",
          "settings": {
            "required": true,
            "half_width": true
          }
        },
        "contact-email-3": {
          "type": "email",
          "settings": {
            "required": true,
            "half_width": true
          }
        },
        "contact-dropdown-4": {
          "type": "dropdown",
          "settings": {
            "title": "Womit können wir Ihnen helfen?",
            "half_width": false
          }
        },
        "contact-body-5": {
          "type": "body",
          "settings": {
            "required": true,
            "half_width": false
          }
        }
      },
      "block_order": [
        "contact-text-1",
        "contact-name-2",
        "contact-email-3",
        "contact-dropdown-4",
        "contact-body-5"
      ],
      "settings": {
        "heading": "Still looking for answers?",
        "heading_align": "text-center",
        "image_position": "top",
        "color_scheme": "1",
        "full_width": false,
        "button_style": "btn btn--primary"
      }
    },
    "featured-collection": {
      "type": "featured-collection",
      "settings": {
        "title": "Trending",
        "heading_align": "text-start",
        "show_view_all": true,
        "layout": "carousel",
        "card_size": "small",
        "products_to_show": 24,
        "show_promo_info": false,
        "image_ratio": "1",
        "color_scheme": "none",
        "button_style": "btn btn--secondary"
      }
    },
    "newsletter": {
      "type": "newsletter",
      "settings": {
        "overlay_position": "justify-center",
        "text_align": "text-center",
        "color_scheme": "default",
        "full_width": true
      },
      "blocks": {
        "newsletter-heading-1": {
          "type": "heading",
          "settings": {
            "heading": "Sign up to our Newsletter",
            "heading_size": "h5"
          }
        },
        "newsletter-text-2": {
          "type": "text",
          "settings": {
            "enlarge_text": false
          }
        },
        "newsletter-form-3": {
          "type": "form",
          "settings": {
          }
        }
      },
      "block_order": [
        "newsletter-heading-1",
        "newsletter-text-2",
        "newsletter-form-3"
      ]
    }
  },
  "order": [
    "main",
    "image-banner",
    "faqs",
    "contact-form",
    "featured-collection",
    "newsletter"
  ]
}
