{"sections":{"main":{"type":"main-contact","disabled":true,"settings":{"show_contact_title":false}},"image-banner":{"type":"image-banner","blocks":{"heading":{"type":"heading","settings":{"heading":"Contact Us","heading_size":"h1","heading_h1":true}},"text":{"type":"text","settings":{"text":"<p>Please visit our help pages for answers to some of the most commonly asked questions.<\/p>","enlarge_text":true}}},"block_order":["heading","text"],"settings":{"height_mode":"fixed","fixed_height_desktop":560,"fixed_height_mobile":440,"overlay_position":"justify-start items-center","overlay_text_align":"text-start","mob_center_text":true,"mobile_stacked":false,"color_scheme":"white","full_width":true}},"form":{"type":"contact-form","blocks":{"contact-name-2":{"type":"name","settings":{"required":true,"half_width":true}},"contact-email-3":{"type":"email","settings":{"required":true,"half_width":true}},"contact-dropdown-4":{"type":"dropdown","settings":{"title":"How can we help?","half_width":false}},"contact-body-5":{"type":"body","settings":{"required":true,"half_width":false}}},"block_order":["contact-name-2","contact-email-3","contact-dropdown-4","contact-body-5"],"settings":{"heading":"Drop us an email","heading_align":"text-center","image_position":"top","color_scheme":"1","full_width":false,"button_style":"btn btn--primary"}},"newsletter":{"type":"newsletter","blocks":{"newsletter-heading-0":{"type":"heading","settings":{"heading":"Sign up to our Newsletter","heading_size":"h5"}},"newsletter-text-1":{"type":"text","settings":{"enlarge_text":false}},"newsletter-form-2":{"type":"form","settings":{}}},"block_order":["newsletter-heading-0","newsletter-text-1","newsletter-form-2"],"settings":{"overlay_position":"justify-center","text_align":"text-center","color_scheme":"default","full_width":true}}},"order":["main","image-banner","form","newsletter"]}