{"type":"footer","name":"Footer Group","sections":{"footer":{"type":"footer","blocks":{"text":{"type":"text","settings":{}},"link-list-1":{"type":"link_list","settings":{}},"link-list-2":{"type":"link_list","settings":{}},"newsletter":{"type":"newsletter","settings":{}}},"block_order":["text","link-list-1","link-list-2","newsletter"],"settings":{"show_back_to_top":false,"show_payment_icons":true,"show_powered_by":true,"enable_country_selector":true,"enable_language_selector":true,"bg_color":"#141414","text_color":"#ffffff"}},"icons-with-text":{"type":"icons-with-text","blocks":{"icons-with-text-1":{"type":"item","settings":{"icon":"chat_bubble","heading":"Kundenservice","text":"<p>Persönliche Beratung & Hilfe<\/p>"}},"icons-with-text-2":{"type":"item","settings":{"icon":"box","heading":"Bestellstatus prüfen","text":"<p>Sendungsverfolgung & Updates<\/p>"}},"icons-with-text-3":{"type":"item","settings":{"icon":"return","heading":"Rückgabe & Umtausch","text":"<p>36 Monate Garantie<\/p>"}},"icons-with-text-4":{"type":"item","settings":{"icon":"dollar_sign","heading":"Bestpreis-Garantie","text":"<p>Unser Versprechen an Sie<\/p>"}}},"block_order":["icons-with-text-1","icons-with-text-2","icons-with-text-3","icons-with-text-4"],"settings":{"heading":"","heading_align":"text-start","icon_size":36,"title_type_scale":"medium","text_type_scale":"medium","icon_position":"beside","mobile_stack":false,"section_height":"medium","color_scheme":"3","full_width":true,"dividers":"none","prevent_animation":false}}},"order":["icons-with-text","footer"]}