{"current":{"heading_color":"#090302","text_color":"#090302","link_color":"#090302","star_color":"#67aaf9","button_bg_color":"#090302","button_text_color":"#ffffff","button_alt_bg_color":"#ffffff","button_alt_text_color":"#090302","color_scheme_1_bg":"#8FBC8F","color_scheme_1_bg_grad":"","color_scheme_1_heading":"#ffffff","color_scheme_1_text":"#ffffff","color_scheme_1_btn_bg":"#090302","color_scheme_1_btn_text":"#ffffff","color_scheme_2_bg":"#495d63","color_scheme_2_bg_grad":"","color_scheme_2_heading":"#ffffff","color_scheme_2_text":"#ffffff","color_scheme_2_btn_bg":"#ffffff","color_scheme_2_btn_text":"#090302","color_scheme_3_bg":"#fac8cd","color_scheme_3_bg_grad":"","color_scheme_3_heading":"#090302","color_scheme_3_text":"#090302","color_scheme_3_btn_bg":"#090302","color_scheme_3_btn_text":"#ffffff","panel_bg_color":"#f2f2f2","panel_heading_color":"#090302","panel_text_color":"#090302","drawer_text_color":"#090302","blend_product_images":true,"blend_collection_images":true,"blend_bg_color":"#f2f2f2","heading_font":"figtree_n8","heading_uppercase":false,"subheading_uppercase":false,"button_text_uppercase":false,"heading_scale_start":"6","body_font":"muli_n4","navigation_font":"nunito_sans_n7","max_page_width":1590,"section_gap":"64","input_button_border_width":"1","input_button_border_radius":4,"slider_show_arrows":"hover","slider_button_style":"btn--primary","slider_items_per_nav":"slide","drawer_border_radius":4,"overlay_border_radius":4,"disclosure_toggle":"arrow","show_breadcrumbs_collection":false,"show_breadcrumbs_collection_list":false,"show_breadcrumbs_article":false,"show_breadcrumbs_blog":false,"pagination_style":"modern","pagination_infinite":false,"coll_card_image_ratio":"1","coll_bg_color":"#f7f7f7","coll_border_color":"rgba(0,0,0,0)","prod_card_image_ratio":"1","prod_card_image_fit":"cover","card_hover_action":"slideshow","card_show_vendor":true,"card_show_subtitle":false,"card_show_rating":true,"card_show_inventory":true,"card_price_bottom":false,"card_atc_mobile":"text_button_bottom","card_atc_desktop":"text_button_hover","show_dividers":false,"card_contain":false,"card_bg_color":"#e4edfa","card_text_color":"#141414","card_border_color":"#495d63","card_highlight_bg_color":"#ffffff","card_highlight_text_color":"#090302","card_highlight_border_color":"#23022e","compare_toggle":"toggle_off","compare_max":8,"compare_show_empty_metafields":false,"compare_empty_field_text":"N\/A","inventory_threshold_low":10,"inventory_threshold_very_low":2,"inventory_show_notice":"always","hide_no_stock_backordered":true,"inventory_show_count":"always","in_stock_text_color":"#2c7e3f","low_stock_text_color":"#d2861a","very_low_stock_text_color":"#b40c1c","no_stock_text_color":"#495d63","no_stock_backordered_text_color":"#495d63","product_label_card_position":"top-0 start","sale_label_bg_color":"#f71735","sale_label_text_color":"#ffffff","sale_label_icon":"price_tag","sale_label_type":"standard","sold_out_label_bg_color":"#495d63","sold_out_label_text_color":"#ffffff","new_label_bg_color":"#fac8cd","new_label_text_color":"#090302","preorder_label_bg_color":"#67aaf9","preorder_label_text_color":"#ffffff","custom_label_bg_color":"#23022e","custom_label_text_color":"#ffffff","variant_picker_color_style":"variant-images","filter_color_style":"swatches","predictive_search_limit":5,"predictive_search_show_vendor":false,"predictive_search_show_price":true,"predictive_search_include_skus":true,"search_input_placeholder_1":"Search for cameras...","search_input_placeholder_2":"Search for a laptop...","search_input_placeholder_3":"Search for smart tech...","search_input_font":"body","prompts_mobile":false,"speech_icon_color":"#2c7e3f","show_currency_code":false,"cart_icon":"basket","cart_type":"drawer","show_recommendations":true,"recommendations_heading":"Das könnte Ihnen auch gefallen...","recommendations_to_show":8,"cart_shaking":true,"cart_shaking_frequency":6,"show_free_shipping_notice":true,"free_shipping_color_scheme":"1","animations_enabled":"mobile_desktop","animation_speed":"fast","image_quality":"1.25","show_blur_messages":true,"blur_message_delay":4,"vibrate_on_atc":true,"checkout_logo_position":"center","checkout_logo_size":"medium","checkout_sidebar_background_color":"#f3f3f3","checkout_accent_color":"#67aaf9","checkout_button_color":"#070707","checkout_error_color":"#b40c1c","heading_type_scale":"1.3","content_for_index":[],"blocks":{"855628211100114053":{"type":"shopify:\/\/apps\/klaviyo-email-marketing-sms\/blocks\/klaviyo-onsite-embed\/2632fe16-c075-4321-a88b-50b567f42507","disabled":false,"settings":{}},"13768625480086291342":{"type":"shopify:\/\/apps\/forms\/blocks\/forms\/8744a304-fcb1-4347-b211-bb6b4759a76a","disabled":false,"settings":{}},"11104565113590962351":{"type":"shopify:\/\/apps\/tinyseo\/blocks\/article-json-ld-embed\/0605268f-f7c4-4e95-b560-e43df7d59ae4","disabled":false,"settings":{}},"2353461558643755616":{"type":"shopify:\/\/apps\/tinyseo\/blocks\/breadcrumbs-json-ld-embed\/0605268f-f7c4-4e95-b560-e43df7d59ae4","disabled":false,"settings":{}},"15154131639906026026":{"type":"shopify:\/\/apps\/tinyseo\/blocks\/broken-link-embed\/0605268f-f7c4-4e95-b560-e43df7d59ae4","disabled":false,"settings":{}},"1369284949797581044":{"type":"shopify:\/\/apps\/tinyseo\/blocks\/collection-json-ld-embed\/0605268f-f7c4-4e95-b560-e43df7d59ae4","disabled":false,"settings":{}},"14971748854670876780":{"type":"shopify:\/\/apps\/tinyseo\/blocks\/product-json-ld-embed\/0605268f-f7c4-4e95-b560-e43df7d59ae4","disabled":false,"settings":{}},"15683396631634586217":{"type":"shopify:\/\/apps\/inbox\/blocks\/chat\/841fc607-4181-4ad1-842d-e24d7f8bad6b","disabled":false,"settings":{"button_color":"#000000","secondary_color":"#FFFFFF","ternary_color":"#6A6A6A","button_icon":"chat_bubble","button_text":"chat_with_us","button_horizontal_position":"bottom_right","button_vertical_position":"lowest","greeting_message":""}},"14060646107696862457":{"type":"shopify:\/\/apps\/judge-me-reviews\/blocks\/judgeme_core\/61ccd3b1-a9f2-4160-9fe9-4fec8413e5d8","disabled":false,"settings":{}},"11089864892113081655":{"type":"shopify:\/\/apps\/tinyseo\/blocks\/website-json-ld-embed\/0605268f-f7c4-4e95-b560-e43df7d59ae4","disabled":false,"settings":{}},"1360768219604461044":{"type":"shopify:\/\/apps\/tinyseo\/blocks\/store-json-ld-embed\/0605268f-f7c4-4e95-b560-e43df7d59ae4","disabled":false,"settings":{}}}},"presets":{"Enterprise":{"heading_color":"#2a2b2a","text_color":"#2a2b2a","link_color":"#2a2b2a","star_color":"#ff9f1c","button_bg_color":"#ff580d","button_text_color":"#ffffff","button_alt_bg_color":"#ffffff","button_alt_text_color":"#2a2b2a","color_scheme_1_bg":"#f4f4f4","color_scheme_1_bg_grad":"linear-gradient(180deg, rgba(244, 244, 244, 1), rgba(244, 244, 244, 1) 100%)","color_scheme_1_heading":"#2a2b2a","color_scheme_1_text":"#2a2b2a","color_scheme_1_btn_bg":"#ff580d","color_scheme_2_bg":"#2a2b2a","color_scheme_2_bg_grad":"linear-gradient(225deg, rgba(51, 59, 67, 0.88) 8%, rgba(41, 47, 54, 1) 56%, rgba(20, 20, 20, 1) 92%)","color_scheme_2_heading":"#ff580d","color_scheme_2_btn_bg":"#ff580d","color_scheme_3_bg":"#ff580d","color_scheme_3_bg_grad":"linear-gradient(46deg, rgba(234, 73, 0, 1) 8%, rgba(234, 73, 0, 1) 32%, rgba(255, 88, 13, 0.88) 92%)","color_scheme_3_heading":"#ffffff","color_scheme_3_text":"#ffffff","color_scheme_3_btn_bg":"#2a2b2a","panel_bg_color":"#f4f4f4","panel_heading_color":"#2a2b2a","panel_text_color":"#2a2b2a","drawer_text_color":"#2a2b2a","blend_bg_color":"#f4f4f4","heading_font":"dm_sans_n7","heading_uppercase":false,"subheading_uppercase":false,"button_text_uppercase":false,"heading_scale_start":"4","body_font":"dm_sans_n4","navigation_font":"dm_sans_n7","max_page_width":1260,"section_gap":"48","input_button_border_width":"2","input_button_border_radius":26,"slider_show_arrows":"hover","slider_button_style":"btn--secondary","drawer_border_radius":16,"overlay_border_radius":0,"show_breadcrumbs_collection":true,"show_breadcrumbs_collection_list":false,"show_breadcrumbs_blog":false,"show_breadcrumbs_article":false,"pagination_style":"modern","coll_border_color":"#f2f2f2","prod_card_image_ratio":"1","prod_card_image_fit":"cover","card_show_vendor":true,"card_show_subtitle":false,"card_show_rating":true,"card_show_inventory":true,"card_atc_mobile":"text_button_bottom","card_atc_desktop":"text_button_bottom","card_contain":false,"card_bg_color":"#ffffff","card_text_color":"#26262b","card_border_color":"#f2f2f2","card_highlight_bg_color":"#ffffff","card_highlight_border_color":"#ff580d","compare_max":5,"compare_show_empty_metafields":false,"compare_empty_field_text":"N\/A","inventory_threshold_low":20,"inventory_threshold_very_low":8,"inventory_show_notice":"always","inventory_show_count":"always","no_stock_text_color":"#2a2b2a","no_stock_backordered_text_color":"#2a2b2a","sale_label_bg_color":"#aa1155","sale_label_text_color":"#ffffff","sale_label_icon":"price_tag","sale_label_type":"percent","sold_out_label_bg_color":"#2a2b2a","sold_out_label_text_color":"#ffffff","new_label_bg_color":"#7fb800","new_label_text_color":"#ffffff","preorder_label_bg_color":"#00a6ed","preorder_label_text_color":"#ffffff","custom_label_bg_color":"#ff580d","custom_label_text_color":"#ffffff","predictive_search_limit":5,"predictive_search_show_vendor":true,"predictive_search_show_price":true,"predictive_search_include_skus":false,"search_input_placeholder_1":"Search for cameras...","search_input_placeholder_2":"Search for a laptop...","search_input_placeholder_3":"Search for smart tech...","speech_icon_color":"#ff580d","cart_icon":"basket","cart_type":"drawer","show_recommendations":true,"recommendations_heading":"Das könnte Ihnen auch gefallen...","recommendations_to_show":3,"cart_shaking":true,"show_free_shipping_notice":true,"free_shipping_color_scheme":"1","animations_enabled":"mobile_desktop","image_quality":"1.25","blur_message_delay":4,"vibrate_on_atc":true,"heading_type_scale":"1.3"},"Outlet":{"heading_color":"#000000","text_color":"#000000","link_color":"#000000","star_color":"#ffd737","button_bg_color":"#070707","button_text_color":"#ffffff","button_alt_text_color":"#000000","button_alt_bg_color":"#ffffff","color_scheme_1_bg":"#f5f5f5","color_scheme_1_bg_grad":"","color_scheme_1_heading":"#000000","color_scheme_1_text":"#000000","color_scheme_1_btn_bg":"#621979","color_scheme_1_btn_text":"#ffffff","color_scheme_2_bg":"#2e2e2e","color_scheme_2_bg_grad":"linear-gradient(56deg, rgba(7, 7, 7, 1) 8%, rgba(46, 46, 46, 1) 64%)","color_scheme_2_heading":"#ffffff","color_scheme_2_text":"#ffffff","color_scheme_2_btn_bg":"#621979","color_scheme_2_btn_text":"#ffffff","color_scheme_3_bg":"#621979","color_scheme_3_bg_grad":"linear-gradient(56deg, rgba(58, 15, 72, 1) 8%, rgba(98, 25, 121, 1) 56%)","color_scheme_3_heading":"#ffffff","color_scheme_3_text":"#ffffff","color_scheme_3_btn_bg":"#ffffff","color_scheme_3_btn_text":"#621979","panel_bg_color":"#f5f5f5","panel_heading_color":"#000000","panel_text_color":"#000000","drawer_text_color":"#000000","blend_product_images":true,"blend_collection_images":true,"blend_bg_color":"#f5f5f5","heading_font":"poppins_n9","heading_uppercase":true,"subheading_uppercase":true,"button_text_uppercase":true,"heading_scale_start":"6","body_font":"barlow_n4","navigation_font":"barlow_n7","max_page_width":1590,"section_gap":"64","input_button_border_radius":0,"input_button_border_width":"1","slider_show_arrows":"never","slider_button_style":"btn--primary","slider_items_per_nav":"page","drawer_border_radius":0,"overlay_border_radius":0,"disclosure_toggle":"arrow","show_breadcrumbs_collection":false,"show_breadcrumbs_collection_list":false,"show_breadcrumbs_blog":false,"show_breadcrumbs_article":false,"pagination_style":"modern","pagination_infinite":true,"coll_card_image_ratio":"1","coll_bg_color":"#f5f5f5","coll_border_color":"#ffffff","prod_card_image_ratio":"1","prod_card_image_fit":"cover","card_show_vendor":true,"card_show_subtitle":true,"card_show_rating":true,"card_show_inventory":true,"card_price_bottom":true,"card_atc_mobile":"icon","card_atc_desktop":"icon","card_contain":true,"card_bg_color":"#f5f5f5","card_text_color":"#070707","card_border_color":"#ffffff","card_highlight_bg_color":"#f5f5f5","card_highlight_text_color":"#070707","card_highlight_border_color":"#621979","show_dividers":false,"compare_toggle":"toggle_off","compare_show_empty_metafields":false,"compare_empty_field_text":"N\/A","inventory_threshold_low":10,"inventory_threshold_very_low":2,"inventory_show_notice":"always","hide_no_stock_backordered":true,"inventory_show_count":"always","in_stock_text_color":"#0da44a","low_stock_text_color":"#686868","very_low_stock_text_color":"#e32b2b","no_stock_text_color":"#2e2e2e","no_stock_backordered_text_color":"#2e2e2e","sale_label_bg_color":"#e32b2b","sale_label_type":"percent","sold_out_label_bg_color":"#2e2e2e","new_label_bg_color":"#1a66d2","new_label_text_color":"#ffffff","preorder_label_bg_color":"#56cbf9","preorder_label_text_color":"#000000","custom_label_bg_color":"#81f4e1","custom_label_text_color":"#070707","predictive_search_limit":5,"predictive_search_show_vendor":false,"predictive_search_show_price":true,"predictive_search_include_skus":true,"search_input_placeholder_1":"Nach Büchern suchen...","search_input_placeholder_2":"Autor oder Titel eingeben...","search_input_placeholder_3":"ISBN oder Verlag suchen...","prompts_mobile":true,"speech_icon_color":"#e32b2b","cart_icon":"bag","recommendations_to_show":4,"show_currency_code":true,"show_recommendations":true,"cart_shaking":true,"cart_shaking_frequency":4,"show_free_shipping_notice":true,"free_shipping_color_scheme":"1","animations_enabled":"mobile_desktop","animation_speed":"medium","image_quality":"1","vibrate_on_atc":true,"heading_type_scale":"1.3","button_border_radius":0,"input_text_color":"#000000","badge_card_position":"top-0 right-0 text-right","badge_product_page_position":"top-0 right-0 text-right","new_badge_bg_color":"#cd4c1d","prod_color_selector_style":"swatches"},"Homestead":{"heading_color":"#090302","text_color":"#090302","link_color":"#090302","star_color":"#67aaf9","button_bg_color":"#090302","button_text_color":"#ffffff","button_alt_bg_color":"#ffffff","button_alt_text_color":"#090302","color_scheme_1_bg":"#8FBC8F","color_scheme_1_bg_grad":"","color_scheme_1_heading":"#ffffff","color_scheme_1_text":"#ffffff","color_scheme_1_btn_bg":"#090302","color_scheme_2_bg":"#495d63","color_scheme_2_bg_grad":"","color_scheme_2_heading":"#ffffff","color_scheme_2_text":"#ffffff","color_scheme_2_btn_bg":"#ffffff","color_scheme_2_btn_text":"#090302","color_scheme_3_bg":"#fac8cd","color_scheme_3_bg_grad":"","color_scheme_3_heading":"#090302","color_scheme_3_text":"#090302","color_scheme_3_btn_bg":"#090302","color_scheme_3_btn_text":"#ffffff","panel_bg_color":"#f2f2f2","panel_heading_color":"#090302","panel_text_color":"#090302","drawer_text_color":"#090302","blend_product_images":true,"blend_collection_images":true,"blend_bg_color":"#f2f2f2","heading_font":"figtree_n8","heading_uppercase":false,"subheading_uppercase":false,"button_text_uppercase":false,"heading_scale_start":"6","body_font":"muli_n4","navigation_font":"nunito_sans_n7","max_page_width":1590,"section_gap":"64","input_button_border_width":"1","input_button_border_radius":4,"slider_show_arrows":"hover","slider_button_style":"btn--primary","slider_items_per_nav":"slide","drawer_border_radius":4,"overlay_border_radius":4,"show_breadcrumbs_collection":false,"show_breadcrumbs_collection_list":false,"show_breadcrumbs_blog":false,"show_breadcrumbs_article":false,"coll_card_image_ratio":"1","coll_bg_color":"#f7f7f7","coll_border_color":"rgba(0,0,0,0)","prod_card_image_ratio":"1","prod_card_image_fit":"cover","card_hover_action":"slideshow","card_show_vendor":true,"card_show_subtitle":false,"card_show_rating":true,"card_show_inventory":true,"card_atc_mobile":"text_button_bottom","card_atc_desktop":"text_button_hover","card_contain":false,"card_bg_color":"#E4EDFA","card_text_color":"#141414","card_border_color":"#495d63","card_highlight_bg_color":"#ffffff","card_highlight_text_color":"#090302","card_highlight_border_color":"#23022e","show_dividers":false,"compare_toggle":"toggle_off","compare_max":8,"compare_show_empty_metafields":false,"compare_empty_field_text":"N\/A","inventory_threshold_low":10,"inventory_threshold_very_low":2,"inventory_show_notice":"always","hide_no_stock_backordered":true,"inventory_show_count":"always","in_stock_text_color":"#2c7e3f","low_stock_text_color":"#d2861a","very_low_stock_text_color":"#b40c1c","no_stock_text_color":"#495d63","no_stock_backordered_text_color":"#495d63","product_label_card_position":"top-0 start","sale_label_bg_color":"#f71735","sale_label_text_color":"#ffffff","sale_label_icon":"price_tag","sale_label_type":"standard","sold_out_label_bg_color":"#495d63","sold_out_label_text_color":"#ffffff","new_label_bg_color":"#fac8cd","new_label_text_color":"#090302","preorder_label_bg_color":"#67aaf9","preorder_label_text_color":"#ffffff","custom_label_bg_color":"#23022e","custom_label_text_color":"#ffffff","predictive_search_limit":5,"predictive_search_show_vendor":false,"predictive_search_show_price":true,"predictive_search_include_skus":true,"search_input_placeholder_1":"Nach Büchern suchen","search_input_placeholder_2":"Autor oder Titel eingeben","search_input_placeholder_3":"ISBN oder Verlag suchen","variant_picker_color_style":"variant-images","filter_color_style":"swatches","search_input_font":"body","speech_icon_color":"#2c7e3f","cart_icon":"basket","cart_type":"drawer","show_recommendations":true,"recommendations_heading":"Das könnte Ihnen auch gefallen...","recommendations_to_show":8,"cart_shaking":true,"cart_shaking_frequency":6,"show_free_shipping_notice":true,"free_shipping_color_scheme":"1","animations_enabled":"mobile_desktop","animation_speed":"fast","image_quality":"1.25","show_blur_messages":true,"blur_message_delay":4,"vibrate_on_atc":true,"checkout_logo_position":"center","checkout_logo_size":"medium","checkout_sidebar_background_color":"#f3f3f3","checkout_accent_color":"#67aaf9","checkout_button_color":"#070707","checkout_error_color":"#b40c1c","heading_type_scale":"1.3"}}}